	gene_symbol	gene_id	protein_mut	
0	VCAN	SIDG40647	p.A2922T	
1	IQGAP2	SIDG13206	p.G637R	
2	ARHGEF28	SIDG01437	p.V104G	
3	SPEF2	SIDG36260	p.S263N	
4	TARS	SIDG37141	p.T453I	
5	PDZD2	SIDG24307	p.H11P	
6	C5orf22	SIDG02856	p.P349S	
7	ICE1	SIDG12252	p.R1354S	
8	PLEKHG4B	SIDG25002	p.P487L	
9	HHIP	SIDG11228	p.N447S	
10	CASP6	SIDG03511	p.N73T	
11	UNC5C	SIDG40349	p.P58R	
12	UGT2B10	SIDG40310	p.R468H	
13	ADGRL3	SIDG00490	p.S1508N	
14	ADGRL3	SIDG00490	p.G520R	
15	PDGFRA	SIDG24254	p.L967V	
16	NSUN7	SIDG22344	p.I184V	
17	CCDC149	SIDG03739	p.R467G	
18	TRMT44	SIDG39289	p.S71R	
19	LETM1	SIDG14537	p.V50I	
20	CRIPAK	SIDG05414	p.P229S	
21	CRIPAK	SIDG05414	p.D225H	
22	CRIPAK	SIDG05414	p.P208L	
23	CRIPAK	SIDG05414	p.P208S	
24	CRIPAK	SIDG05414	p.T202M	
25	SPON2	SIDG36334	p.S260N	
26	TM4SF1	SIDG37797	p.L70R	
27	ATR	SIDG01954	p.S1607N	
28	COPB2	SIDG05171	p.V274G	
29	CHST13	SIDG04655	p.A126V	
30	SLC41A3	SIDG34982	p.T49P	
31	HCLS1	SIDG11092	p.N376H	
32	TIMMDC1	SIDG37731	p.I77T	
33	CEP97	SIDG04374	p.E587K	
34	FRG2C	SIDG09482	p.I15V	
35	ADAMTS9	SIDG00407	p.G106R	
36	PXK	SIDG26384	p.M166I	
37	RFT1	SIDG27101	p.L128F	
38	DOCK3	SIDG06862	p.K520N	
39	RASSF1	SIDG26759	p.L283V	
40	CAMKV	SIDG03401	p.T403P	
41	CAMKV	SIDG03401	p.T419P	
42	APEH	SIDG01220	p.R313C	
43	XIRP1	SIDG41230	p.P1044L	
44	GOLGA4	SIDG10357	p.S61L	
45	MLH1	SIDG19803	p.E23G	
46	NR1D2	SIDG22238	p.H405D	
47	MRPS25	SIDG20180	p.R137W	
48	TTLL3	SIDG39817	p.V551G	
49	MOV10L1	SIDG19935	p.F259L	
50	ZBED4	SIDG41409	p.P349R	
51	TBC1D22A	SIDG37245	p.E92K	
52	CELSR1	SIDG04315	p.N546S	
53	TCF20	SIDG37351	p.V991G	
54	L3MBTL2	SIDG14331	p.C57Y	
55	GCAT	SIDG09930	p.G416R	
56	TRIOBP	SIDG39170	p.S1075P	
57	GGA1	SIDG10036	p.A330V	
58	SMTN	SIDG35214	p.A13V	
59	KIAA1671	SIDG13712	p.K439R	
60	GGT1	SIDG10047	p.R107H	
61	GGT1	SIDG10047	p.L89V	
62	XKR3	SIDG41235	p.V267L	
63	COL6A2	SIDG05109	p.T656I	
64	TRAPPC10	SIDG38643	p.H1171R	
65	RIPK4	SIDG27259	p.H231P	
66	SLC5A3	SIDG34576	p.A490T	
67	N6AMT1	SIDG21261	p.E24K	
68	SAMD10	SIDG33649	p.V178G	
69	COL9A3	SIDG05120	p.A666V	
70	PLCG1	SIDG24959	p.S739T	
71	SAMHD1	SIDG33657	p.P26L	
72	TRIB3	SIDG39046	p.E77G	
73	STK25	SIDG36724	p.V225G	
74	ZNF142	SIDG41802	p.Y544S	
75	SLC11A1	SIDG34669	p.A460G	
76	ABCA12	SIDG00061	p.A1282T	
77	ZDBF2	SIDG41516	p.T1590P	
78	ZSWIM2	SIDG42449	p.P455R	
79	ZC3H15	SIDG41490	p.V400I	
80	FSIP2	SIDG09538	p.T3715M	
81	FSIP2	SIDG09538	p.N406T	
82	TTN	SIDG39831	p.S6016Y	
83	TTN	SIDG39831	p.P9342Q	
84	TTN	SIDG39831	p.I15408V	
85	TTN	SIDG39831	p.R27004H	
86	HOXD3	SIDG11899	p.G42S	
87	SCN7A	SIDG33846	p.R1643Q	
88	BAZ2B	SIDG02131	p.A1146S	
89	FMNL2	SIDG09206	p.N18S	
90	NEB	SIDG21657	p.P4407S	
91	ZRANB3	SIDG42420	p.S338L	
92	TUBA3D	SIDG39891	p.R422C	
93	RAB6C	SIDG26487	p.G205V	
94	UGGT1	SIDG40285	p.S126C	
95	CCDC93	SIDG03698	p.E335G	
96	PSD4	SIDG26028	p.R597H	
97	IL37	SIDG13031	p.G13D	
98	FAHD2B	SIDG08322	p.V187M	
99	SNRNP200	SIDG35873	p.S1087L	
100	ANKRD36C	SIDG01080	p.K1567Q	
101	ANKRD36C	SIDG01080	p.R1582T	
102	ANKRD36C	SIDG01080	p.D1722G	
103	PTCD3	SIDG26184	p.H436R	
104	SUCLG1	SIDG36831	p.K81R	
105	CCDC142	SIDG03730	p.T548N	
106	CCDC142	SIDG03730	p.V549L	
107	UTP6	SIDG40597	p.V312A	
108	EFCAB5	SIDG07411	p.E64G	
109	MYO18A	SIDG21200	p.S102T	
110	SPAG5	SIDG36135	p.N358Y	
111	CCDC144B	SIDG03732	p.G82D	
112	LGALS9C	SIDG14557	p.V126M	
113	ALKBH5	SIDG00866	p.S312L	
114	WRAP53	SIDG41169	p.H470P	
115	MPDU1	SIDG19941	p.T89I	
116	CHRNB1	SIDG04636	p.I241T	
117	XAF1	SIDG41203	p.N77S	
118	KIF1C	SIDG13723	p.G421R	
119	CENPBD1	SIDG04326	p.I64M	
120	CPNE7	SIDG05340	p.G160V	
121	CPNE7	SIDG05340	p.H146Q	
122	ZC3H18	SIDG41491	p.D258A	
123	ATP2C2	SIDG01795	p.L300V	
124	DNAAF1	SIDG06690	p.T111M	
125	ZFHX3	SIDG41569	p.S87F	
126	SLC12A4	SIDG34674	p.Y125S	
127	PLEKHG4	SIDG25001	p.E688D	
128	ADGRG3	SIDG00483	p.P207L	
129	NLRC5	SIDG21932	p.R1126H	
130	ITGAD	SIDG13301	p.A822P	
131	ITGAD	SIDG13301	p.D533H	
132	PRSS36	SIDG25978	p.A172V	
133	PRRT2	SIDG25951	p.D143A	
134	SULT1A1	SIDG36856	p.T7P	
135	EEF2K	SIDG07403	p.G623S	
136	DNAH3	SIDG06698	p.D1836A	
137	PDILT	SIDG24270	p.V506F	
138	NOMO3	SIDG22051	p.E382Q	
139	PPL	SIDG25489	p.E703K	
140	ZNF500	SIDG42045	p.P249L	
141	ZNF174	SIDG41822	p.S291I	
142	NTN3	SIDG22380	p.A317P	
143	TRAF7	SIDG38550	p.E334Q	
144	WDR90	SIDG41098	p.G33S	
145	WFIKKN1	SIDG41123	p.S54I	
146	LRRK1	SIDG16882	p.I1945T	
147	ADAMTS17	SIDG00416	p.N572T	
148	ADAMTS17	SIDG00416	p.S724N	
149	HSP90B2P	SIDG12043	p.N138S	
150	MCTP2	SIDG17446	p.A60T	
151	MAN2A2	SIDG17165	p.A1087D	
152	ADAMTSL3	SIDG00423	p.R1393S	
153	RCN2	SIDG26975	p.R165Q	
154	PTPN9	SIDG26286	p.V547M	
155	NOX5	SIDG22093	p.E26K	
156	VPS13C	SIDG40874	p.D1639H	
157	MAP1A	SIDG17181	p.G780S	
158	EHD4	SIDG07476	p.F371L	
159	NDUFAF1	SIDG21577	p.T55I	
160	GOLGA8A	SIDG10386	p.E35G	
161	INF2	SIDG13082	p.M1005V	
162	KIF26A	SIDG13762	p.M1276T	
163	SYNE3	SIDG36985	p.D369H	
164	SERPINA10	SIDG34159	p.M268I	
165	UNC79	SIDG40359	p.T1883I	
166	BTBD7	SIDG02576	p.C797R	
167	IFT43	SIDG12387	p.A85T	
168	TTLL5	SIDG39819	p.T1142I	
169	SYNE2	SIDG36984	p.V4867M	
170	KTN1	SIDG14310	p.T1267K	
171	PTGER2	SIDG26209	p.R249K	
172	NFATC4	SIDG21772	p.T4P	
173	RABGGTA	SIDG26569	p.R486H	
174	NDRG2	SIDG21529	p.E26G	
175	MCF2L	SIDG17408	p.L1014V	
176	CARS2	SIDG03473	p.K561E	
177	TMTC4	SIDG38200	p.Y715C	
178	STK24	SIDG36721	p.R405Q	
179	NEK5	SIDG21703	p.A151T	
180	TPTE2	SIDG38474	p.R407P	
181	TPTE2	SIDG38474	p.G408R	
182	TPTE2	SIDG38474	p.G326R	
183	ZNF140	SIDG41800	p.P328L	
184	GOLGA3	SIDG10356	p.V470G	
185	ANKLE2	SIDG01003	p.S288L	
186	EP400P1	SIDG07858	p.S87I	
187	DHX37	SIDG06552	p.R499Q	
188	RSRC2	SIDG33473	p.G108D	
189	MORN3	SIDG19926	p.Q182E	
190	SPPL3	SIDG36343	p.N240S	
191	HECTD4	SIDG11156	p.T3056P	
192	ANKS1B	SIDG01107	p.L660V	
193	PLXNC1	SIDG25077	p.V383M	
194	FRS2	SIDG09515	p.Q486H	
195	BAZ2A	SIDG02130	p.K714N	
196	CACNA1B	SIDG03298	p.T997A	
197	EHMT1	SIDG07481	p.P194L	
198	LCN12	SIDG14471	p.T23P	
199	NOTCH1	SIDG22079	p.R128H	
200	CAMSAP1	SIDG03404	p.C848S	
201	CFAP77	SIDG04446	p.H319P	
202	GPR107	SIDG10547	p.E396A	
203	LRRC8A	SIDG16794	p.G192E	
204	GOLGA2	SIDG10344	p.V893L	
205	CDK9	SIDG04162	p.V33G	
206	PHF19	SIDG24554	p.G327D	
207	AKNA	SIDG00753	p.L371P	
208	CDC26	SIDG04046	p.R76C	
209	KIAA1958	SIDG13715	p.C546G	
210	TSTD2	SIDG39754	p.L493S	
211	SEMA4D	SIDG34039	p.V530M	
212	TJP2	SIDG37748	p.I533L	
213	CBWD5	SIDG03576	p.G106C	
214	GNE	SIDG10301	p.V727L	
215	ANKRD18B	SIDG01023	p.W456R	
216	AQP7	SIDG01299	p.R87C	
217	CCDC171	SIDG03759	p.D1208G	
218	MPDZ	SIDG19942	p.G109C	
219	DMAC1	SIDG06660	p.Y77D	
220	FOXD4	SIDG09286	p.E40G	
221	FOXD4	SIDG09286	p.P231R	
222	C8orf33	SIDG02932	p.E63K	
223	PPP1R16A	SIDG25561	p.E406G	
224	OPLAH	SIDG22683	p.E330D	
225	PLEC	SIDG24980	p.C4071S	
226	FAM83H	SIDG08462	p.S924G	
227	LYNX1	SIDG16993	p.E55K	
228	ESRP1	SIDG08132	p.V158I	
229	SLC10A5	SIDG34665	p.I291V	
230	POLB	SIDG25193	p.L259S	
231	FUT10	SIDG09630	p.S151Y	
232	LOXL2	SIDG16709	p.I402V	
233	SLC35G5	SIDG34943	p.F224L	
234	SLC35G5	SIDG34943	p.Q123H	
235	RP1L1	SIDG31263	p.E361K	
236	ARHGEF10	SIDG01424	p.P1325S	
237	DPP6	SIDG06914	p.G497E	
238	NOS3	SIDG22076	p.P13L	
239	CNTNAP2	SIDG05051	p.I474L	
240	KEL	SIDG13656	p.A163T	
241	EPHB6	SIDG07891	p.K971N	
242	MGAM	SIDG17683	p.K1059N	
243	POT1	SIDG25294	p.L454F	
244	WNT16	SIDG41168	p.T95P	
245	NRCAM	SIDG22284	p.S28R	
246	NRCAM	SIDG22284	p.T416S	
247	CDHR3	SIDG04133	p.V732I	
248	MUC17	SIDG21049	p.T3292P	
249	MUC12	SIDG21045	p.E4744G	
250	MUC12	SIDG21045	p.L3435F	
251	TRIP6	SIDG39172	p.S135C	
252	PON3	SIDG25284	p.S331F	
253	ERVW-1	SIDG08087	p.I325T	
254	PCLO	SIDG24130	p.T3520M	
255	GNAT3	SIDG10293	p.D309G	
256	NSUN5P1	SIDG22341	p.K123Q	
257	MLXIPL	SIDG19824	p.A513T	
258	EGFR	SIDG07457	p.I646L	
259	ABCA13	SIDG00062	p.E2887A	
260	ABCA13	SIDG00062	p.D2630G	
261	ADCY1	SIDG00440	p.K348R	
262	ZMIZ2	SIDG41651	p.S347T	
263	NUDCD3	SIDG22407	p.E123K	
264	NUDCD3	SIDG22407	p.E123V	
265	HOXA3	SIDG11856	p.S190W	
266	PMS2	SIDG25103	p.L571I	
267	SDK1	SIDG33937	p.V1540I	
268	AK9	SIDG00725	p.L987F	
269	POPDC3	SIDG25290	p.S132N	
270	GRIK2	SIDG10659	p.A490V	
271	ZNF292	SIDG41917	p.H1542R	
272	FAM135A	SIDG08580	p.T453S	
273	SPDEF	SIDG36229	p.N296T	
274	HLA-DPB1	SIDG11403	p.G113D	
275	EGFL8	SIDG07451	p.V89G	
276	TNXB	SIDG38303	p.T1465P	
277	TNXB	SIDG38303	p.R4073H	
278	TUBB2B	SIDG39909	p.A248V	
279	TBC1D9B	SIDG37232	p.A1095T	
280	MGAT4B	SIDG17693	p.V33A	
281	FAM153B	SIDG08596	p.H49N	
282	UIMC1	SIDG40329	p.R536W	
283	SIMC1	SIDG34464	p.E298Q	
284	ARHGEF37	SIDG01441	p.R216C	
285	PCDHA12	SIDG24058	p.V499G	
286	PCDHA4	SIDG24050	p.V499G	
287	GFRA3	SIDG10032	p.G188R	
288	TCF7	SIDG37344	p.P153H	
289	HSD17B4	SIDG11997	p.F324S	
290	TARBP2	SIDG37134	p.P144A	
291	DIP2B	SIDG06582	p.R1354H	
292	DIP2B	SIDG06582	p.C934G	
293	KCNH3	SIDG13512	p.Y508S	
294	CNTN1	SIDG05042	p.L509S	
295	DDX11	SIDG06205	p.V959I	
296	PDE3A	SIDG24226	p.Y814F	
297	PDE3A	SIDG24226	p.P601T	
298	PRH1	SIDG25755	p.H117Y	
299	DYRK4	SIDG07204	p.F65L	
300	CACNA1C	SIDG03299	p.T2002P	
301	WNK1	SIDG41145	p.H823R	
302	GRM5	SIDG10687	p.G978S	
303	NARS2	SIDG21368	p.E352K	
304	USP35	SIDG40571	p.L581F	
305	RAB6A	SIDG26485	p.I83S	
306	FAM86C1	SIDG08471	p.R98H	
307	SPTBN2	SIDG36381	p.Y1870F	
308	BRMS1	SIDG02538	p.S7G	
309	KLC2	SIDG13806	p.L323F	
310	VEGFB	SIDG40683	p.T187P	
311	INCENP	SIDG13079	p.V796M	
312	FADS1	SIDG08311	p.T106P	
313	TNKS1BP1	SIDG38264	p.G1451S	
314	ATG13	SIDG01754	p.M1L	
315	COPB1	SIDG05170	p.R567C	
316	HPX	SIDG11944	p.R180G	
317	OR52N2	SIDG23586	p.I94T	
318	NUP98	SIDG22470	p.S1331F	
319	CHRNA10	SIDG04635	p.R407H	
320	OSBPL5	SIDG23635	p.E644G	
321	MUC5B	SIDG21041	p.G4188W	
322	MUC2	SIDG21036	p.A789T	
323	FRG2B	SIDG09481	p.I15V	
324	PWWP2B	SIDG26380	p.T97P	
325	MKI67	SIDG19772	p.T525M	
326	CUZD1	SIDG05739	p.R539H	
327	DMBT1	SIDG06663	p.I1091V	
328	SFXN4	SIDG34290	p.E330K	
329	ITPRIP	SIDG13351	p.W227L	
330	SLIT1	SIDG35039	p.H1276R	
331	MYOF	SIDG21207	p.T114I	
332	KIF20B	SIDG13754	p.I133V	
333	IFIT1	SIDG12319	p.E242D	
334	STAMBPL1	SIDG36658	p.R31H	
335	CDHR1	SIDG04131	p.V739G	
336	NDST2	SIDG21534	p.V297I	
337	ERCC6	SIDG07939	p.Y1002C	
338	MARCH8	SIDG17285	p.T95P	
339	ZEB1	SIDG41549	p.Q854K	
340	ARMC4	SIDG01517	p.Y451C	
341	STAM	SIDG36654	p.V61I	
342	ST8SIA6	SIDG36608	p.K291N	
343	DIP2C	SIDG06583	p.S1258F	
344	SH3BP5L	SIDG34342	p.V208G	
345	LYST	SIDG17023	p.D1236H	
346	OBSCN	SIDG22561	p.V7280M	
347	OBSCN	SIDG22561	p.A7017V	
348	OBSCN	SIDG22561	p.A6617G	
349	SLC26A9	SIDG34877	p.V622M	
350	CRB1	SIDG05379	p.P876L	1 peptide observed from MS
351	ASPM	SIDG01678	p.S35P	
352	TPR	SIDG38432	p.M1293I	
353	PRG4	SIDG25754	p.F1233C	
354	PRG4	SIDG25754	p.S553A	
355	C1orf112	SIDG02691	p.E603Q	
356	F5	SIDG08255	p.M1409R	
357	ARHGEF11	SIDG01426	p.E24A	
358	IQGAP3	SIDG13207	p.E1110K	
359	TMEM79	SIDG37929	p.A160V	
360	TMEM79	SIDG37929	p.R19W	
361	RAB25	SIDG26526	p.R75L	
362	ARHGEF2	SIDG01412	p.A710V	
363	MSTO1	SIDG20374	p.L108F	
364	MTX1	SIDG21031	p.K190N	
365	TRIM46	SIDG39096	p.T86P	
366	CHRNB2	SIDG04637	p.E34G	
367	FLG	SIDG09174	p.G994S	
368	FLG	SIDG09174	p.Q1925E	
369	FLG	SIDG09174	p.G1966S	
370	FLG	SIDG09174	p.S2539T	
371	FLG	SIDG09174	p.E2844D	
372	TCHH	SIDG37357	p.V607G	
373	PRUNE1	SIDG26003	p.E374Q	
374	ADAMTSL4	SIDG00424	p.V554D	
375	APH1A	SIDG01224	p.L236I	
376	PDE4DIP	SIDG24232	p.T92M	
377	PDE4DIP	SIDG24232	p.R187K	
378	PDE4DIP	SIDG24232	p.E391A	
379	PDE4DIP	SIDG24232	p.R1590Q	
380	PDE4DIP	SIDG24232	p.Q2342R	
381	AP4B1	SIDG01197	p.I397V	
382	ALX3	SIDG00903	p.V326I	
383	SASS6	SIDG33697	p.A452V	
384	PALMD	SIDG23872	p.D232N	
385	TTLL7	SIDG39821	p.I608V	
386	DOCK7	SIDG06867	p.R1603K	
387	PATJ	SIDG23962	p.C744R	
388	SLC5A9	SIDG34584	p.T99A	
389	LRRC41	SIDG16846	p.C437F	
390	PTCH2	SIDG26186	p.E278K	
391	SZT2	SIDG37040	p.S734L	
392	EDN2	SIDG07310	p.D149E	
393	SCMH1	SIDG33831	p.R501L	
394	OXCT2	SIDG23732	p.R201C	
395	OXCT2	SIDG23732	p.D239E	
396	SF3A3	SIDG34249	p.E361K	
397	WWC3	SIDG41191	p.R423L	
398	ALMS1	SIDG00871	p.G3940S	
399	SMYD5	SIDG35229	p.S360T	
400	DYSF	SIDG07205	p.R1113C	
401	MCEE	SIDG17405	p.V4G	
402	FSHR	SIDG09536	p.V166L	
403	STPG4	SIDG36764	p.D16E	
404	EPAS1	SIDG07859	p.V33G	
405	RAD51AP2	SIDG26614	p.F943S	
406	KIDINS220	SIDG13719	p.A1183G	
407	SNTG2	SIDG35950	p.P165L	
408	PPP1R12C	SIDG25546	p.P670T	
409	ZNF468	SIDG42025	p.I15V	
410	CLDND2	SIDG04810	p.T32I	
411	RCN3	SIDG26976	p.Q70K	
412	HIF3A	SIDG11246	p.H393P	
413	XRCC1	SIDG41266	p.K298N	
414	B3GNT8	SIDG02041	p.A191V	
415	SHKBP1	SIDG34399	p.R176Q	
416	SPTBN4	SIDG36382	p.W2535R	
417	FCGBP	SIDG08943	p.A2286V	
418	FCGBP	SIDG08943	p.P2625S	
419	FCGBP	SIDG08943	p.G4663V	
420	MRPS12	SIDG20136	p.T67P	
421	FAM98C	SIDG08533	p.E181D	
422	WDR62	SIDG41075	p.Y1147C	
423	ZNF792	SIDG42321	p.D559Y	
424	RHPN2	SIDG27216	p.A353T	
425	RHPN2	SIDG27216	p.A353V	
426	ZNF91	SIDG41750	p.K124Q	
427	SLC25A42	SIDG34854	p.R176C	
428	GTPBP3	SIDG10840	p.P424R	
429	FARSA	SIDG08811	p.E153G	
430	RNASEH2A	SIDG29065	p.I253T	
431	ZNF440	SIDG42009	p.I23T	
432	ZNF653	SIDG42189	p.V354M	
433	PDE4A	SIDG24228	p.S881A	
434	S1PR2	SIDG33565	p.P308L	
435	FBN3	SIDG08848	p.E434K	
436	FBN3	SIDG08848	p.N2173T	
437	MCOLN1	SIDG17434	p.D384N	
438	SEMA6B	SIDG34048	p.L593R	
439	S1PR4	SIDG33567	p.A242P	
440	R3HDM4	SIDG26461	p.D160A	
441	DCC	SIDG06116	p.S383I	
442	MYO5B	SIDG21184	p.I1001F	
443	ZBTB7C	SIDG41425	p.A562V	
444	DSC3	SIDG06996	p.V303I	
445	LAMA3	SIDG14351	p.V2967M	
446	LAMA3	SIDG14351	p.A346T	
447	LAMA3	SIDG14351	p.H189Y	
448	ESCO1	SIDG08120	p.Q514R	
449	PSMG2	SIDG26146	p.R244Q	
450	TXNDC2	SIDG40003	p.F444V	
451	LAMA1	SIDG14349	p.D2530G	
452	LAMA1	SIDG14349	p.T2968I	
453	L3MBTL4	SIDG14333	p.G332C	
454	TMEM200C	SIDG38064	p.S115R	
455	DLGAP1	SIDG06630	p.T261P	
456	TGIF1	SIDG37582	p.S140F	
457	COLEC12	SIDG05148	p.R673S	
458	SECTM1	SIDG33996	p.L233R	
459	TEPSIN	SIDG37459	p.R158G	
460	SGSH	SIDG34314	p.H446R	
461	USP36	SIDG40572	p.R470Q	
462	ITGB4	SIDG13317	p.V1692L	
463	SLC16A5	SIDG34701	p.N284S	
464	HID1	SIDG11239	p.D135E	
465	USH1G	SIDG40447	p.D174N	
466	KCNH6	SIDG13515	p.R548P	
467	BRIP1	SIDG02533	p.R855H	
468	TBX2	SIDG37286	p.Y575S	
469	TMEM100	SIDG37950	p.V126M	
470	COX11	SIDG05288	p.P74L	
471	KANSL1	SIDG13431	p.T966P	
472	ADAM11	SIDG00374	p.V368M	
473	CCR10	SIDG03889	p.S357T	
474	GHDC	SIDG10067	p.A433V	
475	TADA2A	SIDG37071	p.P145S	
476	SF3A3	SIDG34249	p.S367T	
477	CSF3R	SIDG05503	p.Y121S	
478	KIAA0319L	SIDG13676	p.T79P	
479	GJB3	SIDG10120	p.D66G	
480	ADGRB2	SIDG00464	p.A231G	
481	PTPRU	SIDG26321	p.T1187P	
482	AHDC1	SIDG00665	p.I1296T	
483	GRHL3	SIDG10645	p.T106I	
484	ARHGEF19	SIDG01432	p.A474T	
485	MTHFR	SIDG20703	p.E470Q	
486	MTHFR	SIDG20703	p.E470V	
487	TAS1R1	SIDG37145	p.L404P	
488	TAS1R1	SIDG37145	p.Q368E	
489	RNF207	SIDG29165	p.H328Y	
490	ATAD3B	SIDG01712	p.M619V	
491	TNFRSF18	SIDG38240	p.A175V	
492	SLC6A8	SIDG34597	p.L175P	
493	GLUD2	SIDG10227	p.H25R	
494	LONRF3	SIDG16703	p.W401L	
495	PSMD10	SIDG26125	p.D86G	
496	TBC1D8B	SIDG37230	p.V309I	
497	NLGN3	SIDG21924	p.N446T	
498	P2RY4	SIDG23754	p.Q353R	
499	IGBP1	SIDG12400	p.R275Q	
500	UBQLN2	SIDG40218	p.T134A	
501	MAGIX	SIDG17131	p.T265P	
502	ZNF630	SIDG42175	p.E404K	
503	ZNF182	SIDG41827	p.Q42R	
504	BCOR	SIDG02209	p.G1140D	
505	MAGEB10	SIDG17106	p.M90T	
506	MAGEB18	SIDG17109	p.Q65R	
507	ADGRG2	SIDG00482	p.P224S	
508	ASB11	SIDG01622	p.I28S	
509	HIPK3	SIDG11285	p.A111V	
510	IMMP1L	SIDG13043	p.Y61H	
